scene_id,obj_id,chamfer_distance,icp_fitness,icp_rmse,iou_3d,pred_x,pred_y,pred_z,gt_x,gt_y,gt_z
Bedroom-21954,obj_master,4.9710,0.0000,0.0000,0.0182,0.17779779434204124,-0.9530733823776247,3.1408593654632573,-0.3195993304252625,0.006193041801452637,-0.4350806977052116
